#2M_440_COMPROMISE_2M_RAD_ONLY: S W R (Z0 = 50 ohm),
#Freq [MHz],S W R [SWR]
440,2.538673466
441,2.250606715
442,1.991896477
443,1.761040789
444,1.557199579
445,1.379868594
446,1.231546187
447,1.130857801
448,1.144087215
449,1.253244789
450,1.396877003
